team_full_name,team_abbrev,season_id,points_def,points_fwd,goals_def,goals_fwd,primary_def,primary_fwd,secondary_def,secondary_fwd,assists_def,assists_fwd,team_points,pct_points_def,ff,fa,ff_percent,save_pct,saves,shots_against,points,wins,losses,ot_losses,games_played,goals_for,goals_against,power_play_pct,pp_opportunities_per_game,sh_goals_against_per_game,pp_net_goals_per_game,penalty_kill_pct,times_shorthanded_per_game,usat_against,usat_for,usat_total,usat_pct,overall_pct_def
Anaheim Ducks,ANA,20182019,125,397,23,173,48,136,54,88,102,224,522,0.23946360153256704,209680,243699,0.4624828234214642,0.90899,2477,2725,80,35,37,10,82,196,248,0.16981,2.58536,0.121951,0.31707,0.79704,3.30487,2985,2673,-312,0.47241,0.2515218594355285
Anaheim Ducks,ANA,20192020,117,352,28,154,33,130,56,68,89,198,469,0.24946695095948823,189874,202067,0.4844453629500359,0.90184,2058,2282,67,29,33,9,71,182,225,0.14673,2.59154,0.070422,0.30985,0.76995,3,2526,2380,-146,0.48523,0.2515218594355285
Anaheim Ducks,ANA,20202021,79,244,18,106,23,88,38,50,61,138,323,0.24458204334365324,127724,142161,0.473253422754136,0.89661,1535,1712,43,17,30,9,56,124,177,0.08943,2.19642,0.089285,0.10714,0.79878,2.92857,1889,1742,-147,0.47975,0.2515218594355285
Anaheim Ducks,ANA,20212022,162,450,35,193,65,145,62,112,127,257,612,0.2647058823529412,196452,224099,0.46713002703596,0.90238,2459,2725,76,31,37,14,82,228,266,0.21917,2.67073,0.04878,0.53658,0.80803,2.7317,2941,2699,-242,0.47844,0.2515218594355285
Anaheim Ducks,ANA,20222023,141,416,32,174,59,136,50,106,109,242,557,0.25314183123877915,179504,243740,0.4241146950695107,0.89585,2873,3207,58,23,47,12,82,206,335,0.1572,2.79268,0.085365,0.35365,0.72142,3.41463,3444,2464,-980,0.41706,0.2515218594355285
Anaheim Ducks,ANA,20232024,143,411,22,181,58,135,63,95,121,230,554,0.2581227436823105,190435,233223,0.449501720727568,0.89009,2373,2666,59,27,50,5,82,203,293,0.17872,2.86585,0.060975,0.45121,0.72424,4.02439,2790,2423,-367,0.46479,0.2515218594355285
Anaheim Ducks,ANA,20242025,142,435,34,183,69,134,39,118,108,252,577,0.24610051993067592,225244,259768,0.46440912802157475,0.90181,2388,2648,80,35,37,10,82,217,261,0.11764,2.69512,0.07317,0.2439,0.74193,3.02439,3194,2709,-485,0.45891,0.2515218594355285
Arizona Coyotes,ARI,20182019,141,393,31,178,54,133,56,82,110,215,534,0.2640449438202247,226831,225042,0.501979538498649,0.91294,2307,2527,86,39,35,8,82,209,220,0.16279,3.14634,0.109756,0.40243,0.84955,2.75609,2836,2766,-70,0.49375,0.25305250305250304
Arizona Coyotes,ARI,20192020,124,376,30,160,38,135,56,81,94,216,500,0.248,187446,192506,0.4933412641596833,0.91938,2087,2270,74,33,29,8,70,190,183,0.19158,3.05714,0.071428,0.51428,0.82741,2.81428,2513,2362,-151,0.48463,0.25305250305250304
Arizona Coyotes,ARI,20202021,114,290,27,123,44,94,43,73,87,167,404,0.28217821782178215,131883,140515,0.484155537118481,0.89859,1533,1706,54,24,26,6,56,150,174,0.20786,3.17857,0.071428,0.58928,0.80838,2.98214,1832,1736,-96,0.48622,0.25305250305250304
Arizona Coyotes,ARI,20212022,150,406,40,166,51,141,59,99,110,240,556,0.2697841726618705,171856,232184,0.4253440253440253,0.89381,2601,2910,57,25,50,7,82,206,309,0.13861,2.46341,0.04878,0.29268,0.75,3.12195,3110,2394,-716,0.43502999999999997,0.25305250305250304
Arizona Coyotes,ARI,20222023,159,450,33,192,55,156,71,102,126,258,609,0.26108374384236455,177017,239715,0.4247741954061603,0.8977,2580,2874,70,28,40,14,82,225,295,0.18907,2.90243,0.07317,0.4756,0.74608,3.89024,2899,2348,-551,0.44747,0.25305250305250304
Arizona Coyotes,ARI,20232024,141,532,32,222,40,198,69,112,109,310,673,0.20950965824665677,207417,234551,0.4693032074720342,0.8953,2326,2598,77,36,41,5,82,254,274,0.21991,2.93902,0.085365,0.56097,0.76315,3.2439,2882,2649,-233,0.47888,0.25305250305250304
Boston Bruins,BOS,20182019,151,542,31,226,61,183,59,133,120,316,693,0.2178932178932179,250116,218407,0.533839320588317,0.91225,2204,2416,107,49,24,9,82,257,212,0.25896,3.06097,0.182926,0.60975,0.79918,2.9756,2552,2951,399,0.53625,0.22759381898454747
Boston Bruins,BOS,20192020,144,463,32,195,55,158,57,110,112,268,607,0.2372322899505766,198434,188503,0.5128328384207248,0.92058,1936,2103,100,44,14,12,70,227,167,0.25221,3.22857,0.1,0.71428,0.84259,3.08571,2205,2305,100,0.51084,0.22759381898454747
Boston Bruins,BOS,20202021,100,346,18,146,39,116,43,84,82,200,446,0.2242152466367713,167992,136270,0.5521294147806824,0.9116,1382,1516,73,33,16,7,56,164,134,0.21875,2.85714,0.107142,0.51785,0.85955,3.17857,1629,2000,371,0.55121,0.22759381898454747
Boston Bruins,BOS,20212022,150,537,31,222,47,194,72,121,119,315,687,0.2183406113537118,265552,216299,0.5511081226354205,0.90739,2136,2354,107,51,26,5,82,253,218,0.21186,2.87804,0.07317,0.53658,0.81297,3.19512,2445,3083,638,0.5577,0.22759381898454747
Boston Bruins,BOS,20222023,205,610,39,261,81,202,85,147,166,349,815,0.25153374233128833,245528,221441,0.5257907912516677,0.92889,2273,2447,135,65,12,5,82,301,174,0.22222,3.40243,0.09756,0.65853,0.87279,3.45121,2598,2789,191,0.51772,0.22759381898454747
Boston Bruins,BOS,20232024,151,553,31,232,58,184,62,137,120,321,704,0.21448863636363635,218866,238869,0.47815002130053413,0.91214,2284,2504,109,47,20,15,82,263,221,0.22222,2.96341,0.07317,0.58536,0.82462,3.26829,2850,2578,-272,0.47494,0.22759381898454747
Boston Bruins,BOS,20242025,130,448,24,198,42,162,64,88,106,250,578,0.2249134948096886,226284,239469,0.4858455018003104,0.88448,2075,2346,76,33,39,10,82,222,271,0.15217,2.80487,0.158536,0.26829,0.76271,2.87804,2800,2521,-279,0.47374,0.22759381898454747
Buffalo Sabres,BUF,20182019,164,433,35,186,57,148,72,99,129,247,597,0.2747068676716918,221946,224910,0.4966834953542081,0.90088,2436,2704,76,33,39,10,82,221,268,0.19491,2.87804,0.109756,0.45121,0.8093,2.62195,2934,2913,-21,0.4982,0.25768491834774254
Buffalo Sabres,BUF,20192020,144,363,27,166,65,109,52,88,117,197,507,0.28402366863905326,157888,159384,0.4976424014725535,0.90037,1934,2148,68,30,31,8,69,193,215,0.18877,2.84057,0.15942,0.37681,0.74594,2.68115,2301,2165,-136,0.48459,0.25768491834774254
Buffalo Sabres,BUF,20202021,91,260,23,111,33,90,35,59,68,149,351,0.25925925925925924,118638,137685,0.46284570639388584,0.89624,1693,1889,37,15,34,7,56,134,196,0.20979,2.55357,0.089285,0.44642,0.77697,2.48214,2077,1784,-293,0.46223,0.25768491834774254
Buffalo Sabres,BUF,20212022,144,458,28,201,60,153,56,104,116,257,602,0.23920265780730895,173668,196923,0.4686244404208413,0.89378,2415,2702,75,32,39,11,82,229,287,0.21171,2.70731,0.07317,0.5,0.76415,2.58536,2901,2622,-279,0.4747,0.25768491834774254
Buffalo Sabres,BUF,20222023,167,610,29,264,69,201,69,145,138,346,777,0.2149292149292149,206068,211180,0.4938741467903981,0.89077,2414,2710,91,42,33,7,82,293,297,0.2342,3.28048,0.085365,0.68292,0.73008,2.75609,2834,2874,40,0.5035,0.25768491834774254
Buffalo Sabres,BUF,20232024,165,469,41,203,67,149,57,117,124,266,634,0.26025236593059936,220636,218930,0.5019405504520368,0.89883,2159,2402,84,39,37,6,82,244,243,0.16591,2.71951,0.121951,0.32926,0.79835,2.96341,2762,2827,65,0.50581,0.25768491834774254
Buffalo Sabres,BUF,20242025,198,498,40,225,79,160,79,113,158,273,696,0.28448275862068967,233001,231858,0.5012294050454008,0.87964,2083,2368,79,36,39,7,82,265,287,0.18777,2.79268,0.09756,0.42682,0.76348,2.93902,2805,2738,-67,0.49395,0.25768491834774254
Carolina Hurricanes,CAR,20182019,163,478,48,195,61,164,54,119,115,283,641,0.2542901716068643,293144,236979,0.5529735551937947,0.90567,2122,2343,99,46,29,7,82,243,221,0.17813,3.01219,0.09756,0.43902,0.8159,2.91463,2653,3216,563,0.54796,0.26146193771626297
Carolina Hurricanes,CAR,20192020,161,436,40,177,57,150,64,109,121,259,597,0.2696817420435511,211630,179659,0.5408534356958667,0.90371,1802,1994,81,38,25,5,68,217,193,0.2233,3.02941,0.058823,0.61764,0.8395,3.57352,2074,2414,340,0.53801,0.26146193771626297
Carolina Hurricanes,CAR,20202021,116,366,24,151,47,120,45,95,92,215,482,0.24066390041493776,168959,144395,0.5391952871193603,0.91524,1447,1581,80,36,12,8,56,175,134,0.25609,2.92857,0.107142,0.64285,0.85227,3.14285,1729,1976,247,0.53318,0.26146193771626297
Carolina Hurricanes,CAR,20212022,204,550,41,236,76,184,87,130,163,314,754,0.27055702917771884,278770,215271,0.564264909187699,0.91341,2110,2310,116,54,20,8,82,277,200,0.21982,2.82926,0.036585,0.58536,0.88043,3.36585,2512,3170,658,0.55783,0.26146193771626297
Carolina Hurricanes,CAR,20222023,195,491,59,203,70,170,66,118,136,288,686,0.28425655976676384,296889,194351,0.604366501099259,0.90196,1923,2132,113,52,21,9,82,262,210,0.19762,3.08536,0.07317,0.53658,0.84375,3.12195,2242,3333,1091,0.59784,0.26146193771626297
Carolina Hurricanes,CAR,20232024,199,562,49,228,58,202,92,132,150,334,761,0.2614980289093298,291140,203338,0.5887825140855609,0.89957,1890,2101,111,52,23,7,82,277,211,0.26907,3.03658,0.09756,0.71951,0.86434,3.14634,2368,3341,973,0.58513,0.26146193771626297
Carolina Hurricanes,CAR,20242025,171,532,39,227,51,195,81,110,132,305,703,0.24324324324324328,298657,213999,0.5825680378265348,0.88845,1816,2044,99,47,30,5,82,266,230,0.18699,3,0.060975,0.5,0.83606,2.9756,2389,3277,888,0.57828,0.26146193771626297
Columbus Blue Jackets,CBJ,20182019,188,483,37,219,76,160,75,104,151,264,671,0.28017883755588674,219028,199759,0.5230057284490683,0.90446,2187,2418,98,47,31,4,82,256,231,0.15384,2.69512,0.07317,0.34146,0.85,2.43902,2787,2907,120,0.51053,0.2696519834509613
Columbus Blue Jackets,CBJ,20192020,134,343,39,141,43,119,52,83,95,202,477,0.2809224318658281,180049,166252,0.5199205315606943,0.91252,1909,2092,81,33,22,15,70,180,183,0.16402,2.7,0.071428,0.37142,0.81656,2.41428,2312,2409,97,0.5103,0.2696519834509613
Columbus Blue Jackets,CBJ,20202021,98,272,23,111,28,101,47,60,75,161,370,0.2648648648648649,120990,139373,0.4646973648329448,0.89862,1631,1815,48,18,26,12,56,134,184,0.15384,2.08928,0.035714,0.28571,0.78947,2.375,2018,1791,-227,0.47015,0.2696519834509613
Columbus Blue Jackets,CBJ,20212022,176,518,43,215,56,182,77,121,133,303,694,0.25360230547550433,208153,227898,0.4773592997149416,0.89712,2590,2887,81,37,38,7,82,258,297,0.18636,2.68292,0.07317,0.42682,0.78571,2.90243,3108,2724,-384,0.46707,0.2696519834509613
Columbus Blue Jackets,CBJ,20222023,122,442,29,184,43,157,50,101,93,258,564,0.21631205673758863,204454,250050,0.4498398253920758,0.88739,2577,2904,59,25,48,9,82,213,329,0.18303,2.7317,0.109756,0.39024,0.75105,2.89024,3264,2620,-644,0.44527,0.2696519834509613
Columbus Blue Jackets,CBJ,20232024,187,436,39,195,68,151,80,90,148,241,623,0.3001605136436597,220646,239059,0.47997302617983273,0.8944,2524,2822,66,27,43,12,82,234,298,0.15094,2.58536,0.07317,0.31707,0.76271,2.87804,3131,2827,-304,0.47447,0.2696519834509613
Columbus Blue Jackets,CBJ,20242025,203,507,51,216,79,170,73,121,152,291,710,0.2859154929577465,228235,240182,0.48724747393881945,0.89115,2186,2453,89,40,33,9,82,267,267,0.19459,2.25609,0.085365,0.35365,0.76958,2.64634,2984,2847,-137,0.48825,0.2696519834509613
Calgary Flames,CGY,20182019,198,593,45,244,67,208,86,141,153,349,791,0.2503160556257901,244111,216615,0.5298398614360813,0.90312,2079,2302,107,50,25,7,82,289,223,0.19272,3.35365,0.085365,0.56097,0.79674,3,2558,2899,341,0.53126,0.2517873100983021
Calgary Flames,CGY,20192020,123,412,26,178,44,140,53,94,97,234,535,0.2299065420560748,200201,200769,0.49929171758485674,0.90576,2057,2271,79,36,27,7,70,204,214,0.21243,2.75714,0.128571,0.45714,0.82142,2.8,2471,2472,1,0.49977,0.2517873100983021
Calgary Flames,CGY,20202021,97,328,25,130,33,115,39,83,72,198,425,0.22823529411764704,148845,136859,0.5209762551451852,0.89854,1417,1577,55,26,27,3,56,155,160,0.18285,3.125,0.125,0.44642,0.80232,3.07142,1666,1844,178,0.52489,0.2517873100983021
Calgary Flames,CGY,20212022,205,568,41,250,67,203,97,115,164,318,773,0.2652005174644243,275750,218635,0.5577636861959808,0.91322,2168,2374,111,50,21,11,82,291,206,0.22881,2.87804,0.036585,0.62195,0.832,3.04878,2600,3207,607,0.55232,0.2517873100983021
Calgary Flames,CGY,20222023,177,521,49,209,65,182,63,130,128,312,698,0.25358166189111747,291662,219869,0.5701746326224608,0.89107,1996,2240,93,38,27,17,82,258,247,0.19841,3.07317,0.07317,0.53658,0.82592,3.29268,2421,3213,792,0.57028,0.2517873100983021
Calgary Flames,CGY,20232024,187,494,52,201,61,175,74,118,135,293,681,0.2745961820851689,253956,238826,0.5153516159275299,0.89048,2171,2438,81,38,39,5,82,253,267,0.17857,3.07317,0.134146,0.41463,0.80816,2.9878,2736,2919,183,0.51618,0.2517873100983021
Calgary Flames,CGY,20242025,140,433,33,187,46,153,61,93,107,246,573,0.2443280977312391,251090,242748,0.5084460896083332,0.9005,2136,2372,96,41,27,14,82,220,236,0.2103,2.84146,0.07317,0.52439,0.76106,2.75609,2744,2912,168,0.51483,0.2517873100983021
Chicago Blackhawks,CHI,20182019,183,542,40,227,65,188,78,127,143,315,725,0.2524137931034483,216331,230392,0.48426205948652745,0.89796,2561,2852,84,36,34,12,82,267,291,0.20168,2.90243,0.085365,0.5,0.72727,2.81707,2985,2800,-185,0.48402,0.2309462915601023
Chicago Blackhawks,CHI,20192020,127,431,28,180,44,155,55,96,99,251,558,0.22759856630824377,189695,203985,0.4818507417191627,0.91293,2244,2458,72,32,30,8,70,208,214,0.15207,3.1,0.114285,0.35714,0.82125,2.95714,2514,2314,-200,0.47931,0.2309462915601023
Chicago Blackhawks,CHI,20202021,89,337,21,138,25,125,43,74,68,199,426,0.2089201877934272,122192,142036,0.46244909699199177,0.90254,1704,1888,55,24,25,7,56,159,184,0.21714,3.125,0.125,0.55357,0.76821,2.69642,1975,1615,-360,0.44998,0.2309462915601023
Chicago Blackhawks,CHI,20212022,140,446,29,184,49,151,62,111,111,262,586,0.2389078498293515,189832,215896,0.46787995898730184,0.89308,2414,2703,68,28,42,12,82,213,289,0.19183,2.9878,0.07317,0.5,0.76233,2.71951,2865,2438,-427,0.4596,0.2309462915601023
Chicago Blackhawks,CHI,20222023,122,409,31,171,37,149,54,89,91,238,531,0.2297551789077213,184329,231487,0.4432946303172557,0.89158,2459,2758,59,26,49,7,82,202,299,0.16379,2.82926,0.121951,0.34146,0.7619,2.81707,3062,2411,-651,0.44052,0.2309462915601023
Chicago Blackhawks,CHI,20232024,104,377,19,159,37,129,48,89,85,218,481,0.21621621621621623,181813,230185,0.4412958315331627,0.89295,2394,2681,52,23,53,6,82,178,289,0.16595,2.86585,0.09756,0.37804,0.75757,2.81707,3130,2392,-738,0.43317,0.2309462915601023
Chicago Blackhawks,CHI,20242025,138,465,32,192,40,171,66,102,106,273,603,0.22885572139303484,169000,219587,0.4349090422479393,0.88592,2260,2551,61,25,46,11,82,224,292,0.24867,2.30487,0.085365,0.4878,0.79295,2.76829,3089,2398,-691,0.43703,0.2309462915601023
Colorado Avalanche,COL,20182019,156,531,39,219,64,175,53,137,117,312,687,0.22707423580786024,220820,209885,0.512694303525615,0.90683,2375,2619,90,38,30,14,82,258,244,0.22027,3.4878,0.060975,0.70731,0.78676,3.31707,2696,2723,27,0.50249,0.27407111466240514
Colorado Avalanche,COL,20192020,170,465,36,200,59,160,75,105,134,265,635,0.2677165354330709,195533,176822,0.5251252165272388,0.91336,2003,2193,92,42,20,8,70,236,190,0.19087,3.44285,0.085714,0.57142,0.81428,3,2238,2379,141,0.51484,0.27407111466240514
Colorado Avalanche,COL,20202021,147,402,26,171,62,128,59,103,121,231,549,0.2677595628415301,168600,118959,0.5863144606845899,0.90723,1291,1423,82,39,13,4,56,197,132,0.22705,3.69642,0.053571,0.78571,0.8305,3.16071,1461,2058,597,0.58481,0.27407111466240514
Colorado Avalanche,COL,20212022,233,605,62,246,69,223,102,136,171,359,838,0.27804295942720764,249989,222640,0.5289328416157282,0.912,2394,2625,119,56,19,7,82,308,232,0.24014,3.40243,0.060975,0.75609,0.79661,2.87804,2711,2924,213,0.51889,0.27407111466240514
Colorado Avalanche,COL,20222023,214,527,48,226,81,175,85,126,166,301,741,0.28879892037786775,234186,213792,0.522762278504748,0.91256,2317,2539,109,51,24,7,82,274,223,0.24521,3.18292,0.060975,0.71951,0.79032,3.02439,2685,2837,152,0.51376,0.27407111466240514
Colorado Avalanche,COL,20232024,241,584,62,240,80,205,99,139,179,344,825,0.2921212121212121,253979,226995,0.5280514123424551,0.8977,2194,2444,107,50,25,7,82,302,252,0.2446,3.39024,0.07317,0.75609,0.79924,3.21951,2705,2946,241,0.5213,0.27407111466240514
Colorado Avalanche,COL,20242025,211,520,54,219,79,178,78,123,157,301,731,0.28864569083447333,244578,207410,0.5411161358266149,0.89134,1895,2126,102,49,29,4,82,273,231,0.24786,2.85365,0.085365,0.62195,0.79807,2.53658,2511,2938,427,0.53918,0.27407111466240514
Dallas Stars,DAL,20182019,148,416,41,168,48,150,59,98,107,248,564,0.2624113475177305,218229,226591,0.4906006924149094,0.9228,2391,2591,93,43,32,7,82,209,200,0.21028,2.60975,0.02439,0.52439,0.82773,2.90243,2834,2664,-170,0.48453,0.24328018223234624
Dallas Stars,DAL,20192020,128,340,26,152,58,106,44,82,102,188,468,0.27350427350427353,189893,193434,0.49538122803768064,0.92007,2003,2177,82,37,24,8,69,178,174,0.21105,2.88405,0.057971,0.55072,0.79723,3.14492,2260,2193,-67,0.49251,0.24328018223234624
Dallas Stars,DAL,20202021,110,308,32,124,34,115,44,69,78,184,418,0.2631578947368421,146145,132582,0.5243302586401748,0.9025,1370,1518,60,23,19,14,56,156,148,0.23566,2.80357,0.071428,0.58928,0.79085,2.73214,1661,1844,183,0.52626,0.24328018223234624
Dallas Stars,DAL,20212022,166,471,30,203,70,158,66,110,136,268,637,0.260596546310832,224437,221431,0.5033709528380597,0.90412,2301,2545,98,46,30,6,82,233,244,0.22406,2.93902,0.060975,0.59756,0.78995,2.67073,2794,2709,-85,0.49227,0.24328018223234624
Dallas Stars,DAL,20222023,179,560,40,241,69,185,70,134,139,319,739,0.2422192151556157,239372,223894,0.5167053053753136,0.91313,2239,2452,108,47,21,14,82,281,215,0.25,3.12195,0.060975,0.71951,0.83471,2.95121,2704,2789,85,0.50773,0.24328018223234624
Dallas Stars,DAL,20232024,183,616,36,258,71,210,76,148,147,358,799,0.22903629536921152,254189,220067,0.5359742417597247,0.90127,2118,2350,113,52,21,9,82,294,232,0.24166,2.92682,0.04878,0.65853,0.82008,2.91463,2672,3024,352,0.53082,0.24328018223234624
Dallas Stars,DAL,20242025,154,611,33,242,51,214,70,155,121,369,765,0.20130718954248367,227283,229707,0.4973478631917547,0.9068,2160,2382,106,50,26,6,82,275,222,0.22,3.04878,0.04878,0.62195,0.82017,2.78048,2880,2703,-177,0.48414,0.24328018223234624
Detroit Red Wings,DET,20182019,147,455,33,191,58,151,56,113,114,264,602,0.2441860465116279,206938,238215,0.464869381987766,0.90148,2489,2761,74,32,40,10,82,224,272,0.18055,2.63414,0.085365,0.39024,0.77142,2.9878,3020,2604,-416,0.46301,0.24936451448906966
Detroit Red Wings,DET,20192020,94,295,18,124,34,103,42,68,76,171,389,0.2416452442159383,153601,187643,0.4501207347235409,0.88621,2064,2329,39,17,49,5,71,142,265,0.14883,3.02816,0.183098,0.2676,0.74336,3.18309,2421,2059,-362,0.45957,0.24936451448906966
Detroit Red Wings,DET,20202021,92,242,17,108,32,84,43,50,75,134,334,0.2754491017964072,108547,128533,0.45784967099713175,0.90593,1618,1786,48,19,27,10,56,125,168,0.11409,2.66071,0.071428,0.23214,0.78709,2.76785,1931,1601,-330,0.45298,0.24936451448906966
Detroit Red Wings,DET,20212022,158,448,20,207,63,148,75,93,138,241,606,0.2607260726072607,182926,213058,0.4619530082023516,0.88772,2451,2761,74,32,40,10,82,227,310,0.16299,2.76829,0.121951,0.32926,0.73777,2.7439,2994,2509,-485,0.45593,0.24936451448906966
Detroit Red Wings,DET,20222023,168,472,41,196,60,163,67,113,127,276,640,0.2625,188227,200852,0.4837757884645535,0.88982000000000006,2221,2496,80,35,37,10,82,237,275,0.21111,3.29268,0.146341,0.54878,0.78313,3.03658,2751,2401,-350,0.46603,0.24936451448906966
Detroit Red Wings,DET,20232024,188,549,44,231,61,197,83,121,144,318,737,0.25508819538670285,207580,236001,0.4679641373277936,0.89725,2384,2657,91,41,32,9,82,275,273,0.23076,3.32926,0.121951,0.64634,0.79583,2.92682,2989,2535,-454,0.45888,0.24936451448906966
Detroit Red Wings,DET,20242025,134,492,27,208,58,164,49,120,107,284,626,0.21405750798722045,219713,216989,0.5031188316059921,0.88955,2078,2336,86,39,35,8,82,235,259,0.27004,2.89024,0.085365,0.69512,0.70108,2.2439,2900,2670,-230,0.47933,0.24936451448906966
Edmonton Oilers,EDM,20182019,141,471,30,199,44,177,67,95,111,272,612,0.23039215686274508,218494,231540,0.4855055395814538,0.89572,2328,2599,79,35,38,9,82,229,271,0.21171,2.70731,0.085365,0.4878,0.74796,3,2875,2627,-248,0.47744,0.24411886091621957
Edmonton Oilers,EDM,20192020,123,479,22,201,43,168,58,110,101,278,602,0.2043189368770764,177273,193334,0.4783314940084779,0.90545,2059,2274,83,37,25,9,71,223,215,0.295,2.8169,0.140845,0.69014,0.84422,2.80281,2411,2265,-146,0.48418,0.24411886091621957
Edmonton Oilers,EDM,20202021,125,369,33,150,36,138,56,81,92,219,494,0.25303643724696356,144294,145656,0.4976513191929643,0.9103,1563,1717,72,35,19,2,56,183,154,0.27586,3.10714,0.071428,0.78571,0.82467,2.75,1872,1777,-95,0.4871,0.24411886091621957
Edmonton Oilers,EDM,20212022,197,575,39,246,65,205,93,124,158,329,772,0.2551813471502591,252155,230821,0.5220859835685417,0.90517,2396,2647,104,49,27,6,82,285,251,0.25957,2.86585,0.07317,0.67073,0.79365,3.07317,2753,2933,180,0.51582,0.24411886091621957
Edmonton Oilers,EDM,20222023,191,676,39,286,65,241,87,149,152,390,867,0.22029988465974623,251270,233357,0.5184812237040033,0.90085,2317,2572,109,50,23,9,82,325,256,0.32363,3.35365,0.085365,1,0.76978,3.39024,2660,2842,182,0.51653,0.24411886091621957
Edmonton Oilers,EDM,20232024,215,584,48,244,73,208,94,132,167,340,799,0.2690863579474343,270888,234040,0.5364883706191774,0.8977,2071,2307,104,49,27,6,82,292,236,0.26337,2.96341,0.060975,0.71951,0.79457,3.14634,2557,3109,552,0.54871,0.24411886091621957
Edmonton Oilers,EDM,20242025,191,509,42,217,62,180,87,112,149,292,700,0.27285714285714285,243119,206062,0.5412495185682387,0.89371,1976,2211,101,48,29,5,82,259,235,0.2372,2.62195,0.04878,0.57317,0.78155,2.51219,2586,3073,487,0.54302,0.24411886091621957
Florida Panthers,FLA,20182019,166,553,38,226,68,183,60,144,128,327,719,0.2308762169680111,254195,238661,0.5157591669777785,0.89189,2244,2516,86,36,32,14,82,264,273,0.26765,3.28048,0.158536,0.71951,0.81304,2.80487,2791,2789,-2,0.49982,0.2493341528375333
Florida Panthers,FLA,20192020,174,445,42,186,66,149,66,110,132,259,619,0.28109854604200324,191100,190775,0.5004255319148936,0.89941,2003,2227,78,35,26,8,69,228,224,0.21327,3.05797,0.072463,0.57971,0.78494,2.69565,2282,2300,18,0.50185,0.2493341528375333
Florida Panthers,FLA,20202021,137,360,32,156,51,120,54,84,105,204,497,0.27565392354124746,171468,148661,0.5356215775515495,0.91022,1531,1682,79,37,14,5,56,188,151,0.20526,3.39285,0.071428,0.625,0.79762,3,1662,1934,272,0.5378,0.2493341528375333
Florida Panthers,FLA,20212022,213,699,53,284,70,245,90,170,160,415,912,0.23355263157894737,294333,244570,0.5461706466655409,0.90377,2273,2515,122,58,18,6,82,337,242,0.24427,3.19512,0.09756,0.68292,0.79536,3.15853,2533,3227,694,0.56022,0.2493341528375333
Florida Panthers,FLA,20222023,204,567,53,235,78,187,73,145,151,332,771,0.26459143968871596,288689,242827,0.5431426335237322,0.89588,2332,2603,92,42,32,8,82,288,272,0.22826,3.36585,0.109756,0.65853,0.75945,3.54878,2695,3094,399,0.53446,0.2493341528375333
Florida Panthers,FLA,20232024,171,535,36,229,61,186,74,120,135,306,706,0.24220963172804533,292093,240512,0.5484233155903531,0.91355,2082,2279,110,52,24,6,82,265,198,0.23507,3.26829,0.109756,0.65853,0.82474,3.54878,2493,2899,406,0.53764,0.2493341528375333
Florida Panthers,FLA,20242025,152,505,37,209,53,177,62,119,115,296,657,0.2313546423135464,292022,240471,0.5484053311498931,0.89618,1925,2148,98,47,31,4,82,246,223,0.23529,2.90243,0.121951,0.56097,0.80737,2.9756,2532,3054,522,0.54674,0.2493341528375333
Los Angeles Kings,LAK,20182019,129,393,28,171,47,136,54,86,101,222,522,0.2471264367816092,209383,226577,0.4802803009450408,0.89953,2319,2578,71,31,42,9,82,199,259,0.15837,2.69512,0.158536,0.26829,0.76521,2.80487,2937,2673,-264,0.47647,0.23659074210139602
Los Angeles Kings,LAK,20192020,109,369,23,154,37,129,49,86,86,215,478,0.2280334728033473,208801,187358,0.5270636284926002,0.89947,1870,2079,64,29,35,6,70,177,209,0.17098,2.75714,0.014285,0.45714,0.77368,2.71428,2315,2580,265,0.52699,0.23659074210139602
Los Angeles Kings,LAK,20202021,90,288,17,125,26,102,47,61,73,163,378,0.23809523809523808,121587,130994,0.48137825093732306,0.9032,1577,1746,49,21,28,7,56,142,169,0.18934,3.01785,0.053571,0.51785,0.83647,2.83928,1858,1730,-128,0.48211,0.23659074210139602
Los Angeles Kings,LAK,20212022,144,466,21,214,65,147,58,105,123,252,610,0.2360655737704918,249445,198499,0.5568664833104138,0.90089,2109,2341,99,44,27,11,82,235,232,0.16129,3.02439,0.109756,0.37804,0.76652,2.76829,2528,3084,556,0.54953,0.23659074210139602
Los Angeles Kings,LAK,20222023,173,569,40,234,52,209,81,126,133,335,742,0.23315363881401616,230808,198205,0.5379976830538935,0.88903,2035,2289,104,47,25,10,82,274,254,0.25278,3.28048,0.109756,0.71951,0.75836,3.28048,2479,2880,401,0.53741,0.23659074210139602
Los Angeles Kings,LAK,20232024,157,525,34,220,57,180,66,125,123,305,682,0.23020527859237536,245513,209691,0.5393471937856433,0.90897,2087,2296,99,44,27,11,82,254,210,0.2258,3.02439,0.085365,0.59756,0.84585,3.08536,2502,3043,541,0.54876,0.23659074210139602
Los Angeles Kings,LAK,20242025,164,507,32,217,55,173,77,117,132,290,671,0.2444113263785395,238142,212834,0.5280591428368694,0.90387,1890,2091,105,48,25,9,82,249,203,0.17874,2.52439,0.07317,0.37804,0.81434,2.89024,2537,2958,421,0.5383,0.23659074210139602
Minnesota Wild,MIN,20182019,150,417,44,166,47,153,59,98,106,251,567,0.26455026455026454,213191,210970,0.5026181096328989,0.90367,2186,2419,83,37,36,9,82,210,233,0.20331,2.93902,0.04878,0.54878,0.81666,2.92682,2658,2862,204,0.51847,0.24353049907578558
Minnesota Wild,MIN,20192020,168,414,43,175,63,140,62,99,125,239,582,0.28865979381443296,167933,167313,0.5009246941052242,0.89739,1898,2115,77,35,27,7,69,218,217,0.21296,3.13043,0.086956,0.57971,0.77184,2.9855,2297,2265,-32,0.49638,0.24353049907578558
Minnesota Wild,MIN,20202021,116,356,28,152,43,122,45,82,88,204,472,0.2457627118644068,123489,130249,0.48667917300522584,0.90674,1546,1705,75,35,16,5,56,180,159,0.17575,2.94642,0.053571,0.46428,0.80745,2.875,1884,1689,-195,0.47257,0.24353049907578558
Minnesota Wild,MIN,20212022,188,626,39,266,73,212,76,148,149,360,814,0.23095823095823095,223045,224123,0.49879463646772576,0.90337,2328,2577,113,53,22,7,82,305,249,0.20542,3.14634,0.060975,0.58536,0.76136,3.21951,2626,2748,122,0.51142,0.24353049907578558
Minnesota Wild,MIN,20222023,133,498,30,209,50,170,53,119,103,289,631,0.21077654516640257,225385,213832,0.5131518133405583,0.91418,2333,2552,103,46,25,11,82,239,219,0.21428,3.07317,0.036585,0.62195,0.82031,3.12195,2720,2721,1,0.50009,0.24353049907578558
Minnesota Wild,MIN,20232024,161,509,35,213,60,170,66,126,126,296,670,0.24029850746268655,223223,212165,0.5126990178874935,0.89331,2177,2437,87,39,34,9,82,248,260,0.2271,3.32926,0.134146,0.62195,0.74524,3.20731,2642,2629,-13,0.49876,0.24353049907578558
Minnesota Wild,MIN,20242025,138,454,38,186,42,165,58,103,100,268,592,0.23310810810810811,210407,224790,0.4834752996918637,0.9028,2192,2428,97,45,30,7,82,225,236,0.20873,2.51219,0.04878,0.4756,0.72413,2.4756,2901,2711,-190,0.48307,0.24353049907578558
Montréal Canadiens,MTL,20182019,157,511,42,204,45,189,70,118,115,307,668,0.23502994011976047,279712,242029,0.536112745595995,0.90777,2313,2548,96,44,30,8,82,246,236,0.13247,2.85365,0.04878,0.32926,0.80912,2.93902,2736,3132,396,0.53374,0.2523364485981308
Montréal Canadiens,MTL,20192020,127,403,42,166,45,138,40,99,85,237,530,0.23962264150943396,234401,215400,0.5211215626465926,0.90036,1988,2208,71,31,31,9,71,208,220,0.17741,2.61971,0.070422,0.39436,0.78673,2.97183,2306,2674,368,0.53705,0.2523364485981308
Montréal Canadiens,MTL,20202021,100,315,25,133,33,112,42,70,75,182,415,0.24096385542168677,160226,147478,0.5207147128409121,0.8955,1414,1579,59,24,21,11,56,158,165,0.19205,2.69642,0.035714,0.48214,0.78488,3.07142,1691,1957,266,0.53638,0.2523364485981308
Montréal Canadiens,MTL,20212022,143,441,35,183,51,155,57,103,108,258,584,0.24486301369863017,206352,244449,0.4577452135199345,0.8877,2506,2823,55,22,49,11,82,218,317,0.13709,3.02439,0.146341,0.26829,0.75547,3.34146,2929,2532,-397,0.46352,0.2523364485981308
Montréal Canadiens,MTL,20222023,152,458,33,194,61,149,58,115,119,264,610,0.24918032786885247,188299,229968,0.4501885159479471,0.88921,2448,2753,68,31,45,6,82,227,305,0.16101,2.87804,0.036585,0.42682,0.72727,3.35365,2903,2432,-471,0.45585,0.2523364485981308
Montréal Canadiens,MTL,20232024,175,432,48,184,60,148,67,100,127,248,607,0.2883031301482702,207839,244249,0.4597312912530304,0.89737,2457,2738,76,30,36,16,82,232,281,0.1746,3.07317,0.146341,0.39024,0.76449,3.36585,2976,2555,-421,0.46194,0.2523364485981308
Montréal Canadiens,MTL,20242025,172,480,27,216,70,157,75,107,145,264,652,0.26380368098159507,213995,237143,0.47434487895056504,0.89084,2122,2382,91,40,31,11,82,243,261,0.20085,2.85365,0.07317,0.5,0.80933,3.13414,2851,2566,-285,0.47367,0.2523364485981308
New Jersey Devils,NJD,20182019,148,426,31,188,67,136,50,102,117,238,574,0.2578397212543554,211291,225230,0.4840339869101372,0.89544,2321,2592,72,31,41,10,82,219,271,0.17716,3.09756,0.121951,0.42682,0.84313,3.10975,2907,2629,-278,0.47487,0.24994060346875743
New Jersey Devils,NJD,20192020,126,366,31,154,36,134,59,78,95,212,492,0.25609756097560976,176933,186730,0.4865301116693202,0.9007,2032,2256,68,28,29,12,69,185,224,0.17948,3.3913,0.144927,0.46376,0.82353,3.20289,2453,2183,-270,0.47081,0.24994060346875743
New Jersey Devils,NJD,20202021,103,294,15,130,47,89,41,75,88,164,397,0.2594458438287154,130535,139350,0.4836689701169016,0.89176,1549,1737,45,19,30,7,56,145,189,0.14193,2.76785,0.089285,0.30357,0.70946,2.64285,1882,1848,-34,0.49533,0.24994060346875743
New Jersey Devils,NJD,20212022,171,486,39,206,64,167,68,113,132,280,657,0.2602739726027397,219075,215540,0.5040668177582458,0.8811,2238,2540,63,27,46,9,82,245,302,0.15555,2.7439,0.170731,0.25609,0.80188,2.58536,2910,2937,27,0.5023,0.24994060346875743
New Jersey Devils,NJD,20222023,188,578,49,240,65,204,74,134,139,338,766,0.2454308093994778,251956,217926,0.5362112189868946,0.9041,2093,2315,112,52,22,8,82,289,222,0.21875,2.7317,0.09756,0.5,0.82608,2.80487,2653,3154,501,0.54313,0.24994060346875743
New Jersey Devils,NJD,20232024,155,528,33,231,54,182,68,115,122,297,683,0.2269399707174231,233201,226983,0.506755993254872,0.88567,2177,2458,81,38,39,5,82,264,281,0.22448,2.9878,0.109756,0.56097,0.80658,2.96341,2755,2841,86,0.50768,0.24994060346875743
New Jersey Devils,NJD,20242025,161,479,31,209,62,161,68,109,130,270,640,0.2515625,239653,223041,0.5179513890389761,0.89958,1944,2161,91,42,33,7,82,240,220,0.2824,2.63414,0.04878,0.69512,0.82666,2.7439,2705,2733,28,0.50259,0.24994060346875743
Nashville Predators,NSH,20182019,197,424,43,193,75,138,79,93,154,231,621,0.3172302737520129,238579,218003,0.5225326447385136,0.91378,2247,2459,100,47,29,6,82,236,212,0.12941,3.10975,0.09756,0.30487,0.82071,3.06097,2678,2950,272,0.52418,0.2767386091127098
Nashville Predators,NSH,20192020,165,394,39,172,72,126,54,96,126,222,559,0.295169946332737,204890,193807,0.5138990260774473,0.90078,1943,2157,78,35,26,8,69,212,214,0.17256,3.27536,0.115942,0.44927,0.76056,3.08695,2335,2515,180,0.51857,0.2767386091127098
Nashville Predators,NSH,20202021,104,285,23,128,42,94,39,63,81,157,389,0.26735218508997427,137488,138491,0.49818283275176733,0.91272,1600,1753,64,31,23,2,56,151,154,0.1761,2.83928,0.035714,0.46428,0.75581,3.07142,1806,1860,54,0.50739,0.2767386091127098
Nashville Predators,NSH,20212022,207,518,37,225,86,160,84,133,170,293,725,0.28551724137931034,233533,235578,0.4978203452914129,0.90551,2396,2646,97,45,30,7,82,262,250,0.24418,3.14634,0.060975,0.70731,0.79225,3.46341,2675,2671,-4,0.4997,0.2767386091127098
Nashville Predators,NSH,20222023,152,449,39,184,60,150,53,115,113,265,601,0.2529118136439268,226114,248442,0.4764748522829761,0.91352,2493,2729,92,42,32,8,82,223,236,0.176,3.04878,0.07317,0.46341,0.82545,3.35365,2952,2613,-339,0.46954,0.2767386091127098
Nashville Predators,NSH,20232024,193,519,43,223,82,165,68,131,150,296,712,0.2710674157303371,259439,241237,0.5181774241225863,0.90107,2259,2507,99,47,30,5,82,266,248,0.21561,3.28048,0.060975,0.64634,0.76923,3.01219,2724,2932,208,0.51838,0.2767386091127098
Nashville Predators,NSH,20242025,136,427,36,176,53,144,47,107,100,251,563,0.24156305506216696,245949,237448,0.5087929796833659,0.88385,2070,2342,68,30,44,8,82,212,274,0.21929,2.78048,0.060975,0.54878,0.81481,2.96341,2750,2739,-11,0.49899,0.2767386091127098
New York Islanders,NYI,20182019,145,448,30,193,60,150,55,105,115,255,593,0.24451939291736932,203760,209832,0.4926594324841873,0.92501,2344,2534,103,48,27,7,82,223,191,0.14537,2.76829,0.012195,0.39024,0.79908,2.67073,2801,2613,-188,0.48263,0.2610887096774194
New York Islanders,NYI,20192020,127,382,28,161,46,131,53,90,99,221,509,0.24950884086444008,180670,194159,0.4820064616131623,0.9105,1933,2123,80,35,23,10,68,189,190,0.17261,2.47058,0.073529,0.35294,0.80681,2.58823,2443,2160,-283,0.46919,0.2610887096774194
New York Islanders,NYI,20202021,100,300,15,137,45,94,40,69,85,163,400,0.25,130674,132699,0.4961556423779203,0.92138,1465,1590,71,32,17,7,56,152,125,0.1875,2.57142,0,0.48214,0.83703,2.41071,1798,1754,-44,0.49395,0.2610887096774194
New York Islanders,NYI,20212022,160,446,32,197,65,144,63,105,128,249,606,0.264026402640264,194785,220463,0.4690811274226486,0.91345,2438,2669,84,37,35,10,82,229,231,0.22115,2.53658,0.085365,0.4756,0.84186,2.62195,2960,2537,-423,0.46162,0.2610887096774194
New York Islanders,NYI,20222023,173,456,41,201,67,154,65,101,132,255,629,0.27503974562798095,231288,237393,0.4934870412924783,0.91509,2328,2544,93,42,31,9,82,242,217,0.15765,2.70731,0.085365,0.34146,0.82191,2.67073,2895,2836,-59,0.49485,0.2610887096774194
New York Islanders,NYI,20232024,170,483,33,212,69,161,68,110,137,271,653,0.26033690658499237,231891,239348,0.49208787897436335,0.90431,2429,2686,94,39,27,16,82,245,258,0.20346,2.81707,0.036585,0.53658,0.71493,2.69512,3050,2849,-201,0.48296,0.2610887096774194
New York Islanders,NYI,20242025,161,417,32,189,59,142,70,86,129,228,578,0.27854671280276816,249649,244460,0.5052508656996736,0.89134,2100,2356,82,35,35,12,82,222,257,0.1256,2.52439,0.09756,0.21951,0.72222,2.19512,2852,2922,70,0.50606,0.2610887096774194
New York Rangers,NYR,20182019,147,441,32,189,58,147,57,105,115,252,588,0.25,206338,246138,0.456019766794261,0.90374,2507,2774,78,32,36,14,82,221,267,0.19383,2.76829,0.04878,0.4878,0.78195,3.2439,2968,2564,-404,0.46348,0.2614879649890591
New York Rangers,NYR,20192020,183,450,44,189,64,154,75,107,139,261,633,0.2890995260663507,184490,214671,0.4621944528648841,0.9076,2161,2381,79,37,28,5,70,233,220,0.22907,3.24285,0.085714,0.65714,0.77391,3.28571,2511,2267,-244,0.47418,0.2614879649890591
New York Rangers,NYR,20202021,112,368,22,154,38,129,52,85,90,214,480,0.23333333333333336,129804,136282,0.4878272438234255,0.90685,1509,1664,60,27,23,6,56,176,155,0.2067,3.19642,0.071428,0.58928,0.82248,3.01785,1849,1678,-171,0.47543,0.2614879649890591
New York Rangers,NYR,20212022,176,504,40,210,68,168,68,126,136,294,680,0.25882352941176473,199073,212795,0.4833417502695038,0.9193,2324,2528,110,52,24,6,82,250,204,0.25229,2.65853,0.02439,0.64634,0.823,2.75609,2800,2515,-285,0.4734,0.2614879649890591
New York Rangers,NYR,20222023,193,550,39,234,72,184,82,132,154,316,743,0.2597577388963661,237317,221627,0.5170935887602844,0.91018,2189,2405,107,47,22,13,82,273,216,0.24081,2.9878,0.060975,0.65853,0.81166,2.71951,2701,2727,26,0.50241,0.2614879649890591
New York Rangers,NYR,20232024,201,551,44,234,69,190,88,127,157,317,752,0.26728723404255317,255356,231805,0.5241716804095566,0.90694,2193,2418,114,55,23,4,82,278,226,0.26422,3,0.07317,0.71951,0.84482,2.82926,2816,2864,48,0.50422,0.2614879649890591
New York Rangers,NYR,20242025,183,511,34,221,74,170,75,120,149,290,694,0.26368876080691644,245752,251768,0.4939540118990191,0.89596,2196,2451,85,39,36,7,82,255,255,0.17619,2.56097,0.085365,0.36585,0.80334,2.91463,2946,2812,-134,0.48836,0.2614879649890591
Ottawa Senators,OTT,20182019,156,504,41,201,52,181,63,122,115,303,660,0.23636363636363636,211002,246882,0.4608197709463533,0.8973,2630,2931,64,29,47,6,82,242,301,0.20353,2.75609,0.09756,0.46341,0.79166,2.63414,3250,2710,-540,0.45469,0.241978287092883
Ottawa Senators,OTT,20192020,115,382,17,173,46,127,52,82,98,209,497,0.2313883299798793,204372,220661,0.4808379584644016,0.90016,2146,2384,62,25,34,12,71,190,238,0.14218,2.97183,0.084507,0.33802,0.76087,3.23943,2521,2392,-129,0.48674,0.241978287092883
Ottawa Senators,OTT,20202021,105,301,17,138,49,94,39,69,88,163,406,0.25862068965517243,152114,159752,0.4877543560375289,0.89494,1610,1799,51,23,28,5,56,155,189,0.15517,3.10714,0.089285,0.39285,0.78947,3.05357,1950,1861,-89,0.48832,0.241978287092883
Ottawa Senators,OTT,20212022,139,452,24,200,56,148,59,104,115,252,591,0.23519458544839256,223724,240145,0.4822999596868944,0.90364,2476,2740,73,33,42,7,82,224,264,0.19341,2.96341,0.04878,0.52439,0.80321,3.03658,2888,2672,-216,0.48057,0.241978287092883
Ottawa Senators,OTT,20222023,151,526,30,229,49,189,72,108,121,297,677,0.22304283604135897,270865,243257,0.5268496582523214,0.89502,2302,2572,86,39,35,8,82,259,270,0.23529,3.7317,0.134146,0.7439,0.80067,3.60975,2619,2842,223,0.52041,0.241978287092883
Ottawa Senators,OTT,20232024,175,494,47,203,60,172,68,119,128,291,669,0.2615844544095665,252461,234829,0.518091895996224,0.88445,2151,2432,78,37,41,4,82,250,281,0.18021,3.45121,0.07317,0.54878,0.75102,2.9878,2711,2839,128,0.51151,0.241978287092883
Ottawa Senators,OTT,20242025,162,483,32,210,57,167,73,106,130,273,645,0.25116279069767444,243166,224343,0.5201311632503332,0.90153,2115,2346,97,45,30,7,82,242,232,0.23791,3.28048,0.036585,0.7439,0.77729,2.79268,2667,2715,48,0.50445,0.241978287092883
Philadelphia Flyers,PHI,20182019,151,508,35,206,50,177,66,125,116,302,659,0.2291350531107739,227686,233815,0.4933597110298786,0.89493,2385,2665,82,37,37,8,82,241,280,0.17094,2.85365,0.134146,0.35365,0.78481,2.89024,2858,2738,-120,0.48927,0.24000980632507968
Philadelphia Flyers,PHI,20192020,155,453,44,183,51,159,60,111,111,270,608,0.25493421052631576,186107,174867,0.5155689883481913,0.90338,1786,1977,89,41,21,7,69,227,191,0.20796,3.27536,0.086956,0.5942,0.81818,3.02898,2146,2221,75,0.50849,0.24000980632507968
Philadelphia Flyers,PHI,20202021,95,346,25,135,32,120,38,91,70,211,441,0.21541950113378688,147048,137852,0.5161389961389962,0.87958,1439,1636,58,25,23,8,56,160,197,0.19161,2.98214,0.107142,0.46428,0.73053,2.98214,1719,1824,105,0.51465,0.24000980632507968
Philadelphia Flyers,PHI,20212022,140,414,32,178,45,147,63,89,108,236,554,0.2527075812274368,212777,236312,0.47379695338785854,0.89479,2492,2785,61,25,46,11,82,210,294,0.12552,2.91463,0.134146,0.2317,0.75744,2.86585,3006,2632,-374,0.46683,0.24000980632507968
Philadelphia Flyers,PHI,20222023,152,431,33,187,64,137,55,107,119,244,583,0.2607204116638079,205085,224142,0.4778007907237895,0.89361,2310,2585,75,31,38,13,82,220,276,0.15555,2.7439,0.109756,0.31707,0.74678,2.84146,2852,2707,-145,0.48694,0.24000980632507968
Philadelphia Flyers,PHI,20232024,154,445,41,190,49,160,64,95,113,255,599,0.2570951585976628,248226,213291,0.5378480099324618,0.88404,1967,2225,87,38,33,11,82,231,258,0.12204,3.09756,0.04878,0.32926,0.83402,2.93902,2530,2976,446,0.5405,0.24000980632507968
Philadelphia Flyers,PHI,20242025,132,503,31,201,40,180,61,122,101,302,635,0.2078740157480315,215442,220133,0.4946151638638581,0.87194,1927,2210,76,33,39,10,82,232,283,0.14953,2.60975,0.121951,0.26829,0.77612,2.45121,2693,2698,5,0.50046,0.24000980632507968
Pittsburgh Penguins,PIT,20182019,161,569,32,239,56,198,73,132,129,330,730,0.22054794520547943,246752,248927,0.4978060397959163,0.91278,2491,2729,100,44,26,12,82,271,238,0.24561,2.78048,0.182926,0.5,0.79729,2.70731,2939,2957,18,0.5015,0.2389937106918239
Pittsburgh Penguins,PIT,20192020,136,458,33,188,48,157,55,113,103,270,594,0.22895622895622897,190139,177519,0.5171626892383683,0.90443,1855,2051,86,40,23,6,69,221,196,0.19905,3.05797,0.072463,0.53623,0.82105,2.75362,2160,2316,156,0.51748,0.2389937106918239
Pittsburgh Penguins,PIT,20202021,124,393,28,165,53,124,43,104,96,228,517,0.2398452611218569,135840,135497,0.5006320553407755,0.90768,1524,1679,77,37,16,3,56,193,155,0.23684,2.71428,0.071428,0.57142,0.77419,2.76785,1758,1798,40,0.5059,0.2389937106918239
Pittsburgh Penguins,PIT,20212022,180,557,32,237,74,184,74,136,148,320,737,0.24423337856173677,251970,223049,0.5304419402171282,0.9142,2355,2576,103,46,25,11,82,269,222,0.20161,3.02439,0.09756,0.51219,0.84434,2.58536,2698,3033,335,0.52922,0.2389937106918239
Pittsburgh Penguins,PIT,20222023,164,545,30,231,59,186,75,128,134,314,709,0.231311706629055,277140,258473,0.5174258279765428,0.90212,2424,2687,91,40,31,11,82,261,263,0.21724,3.53658,0.060975,0.70731,0.79087,3.20731,2802,3062,260,0.52216,0.2389937106918239
Pittsburgh Penguins,PIT,20232024,173,499,35,217,61,171,77,111,138,282,672,0.25744047619047616,265098,254400,0.5102964785234977,0.90036,2232,2479,88,38,32,12,82,253,248,0.15267,3.19512,0.146341,0.34146,0.80658,2.96341,2920,3002,82,0.50692,0.2389937106918239
Pittsburgh Penguins,PIT,20242025,164,488,29,212,60,165,75,111,135,276,652,0.25153374233128833,243734,242780,0.5009804445504138,0.88425,2185,2471,80,34,36,12,82,242,287,0.25791,2.69512,0.060975,0.63414,0.77777,2.63414,2885,2868,-17,0.49852,0.2389937106918239
Seattle Kraken,SEA,20212022,144,436,37,176,53,147,54,113,107,260,580,0.2482758620689655,197016,195690,0.5016882858932636,0.88001,2083,2367,60,27,49,6,82,213,284,0.14545,2.68292,0.085365,0.30487,0.74887,2.71951,2620,2634,14,0.50142,0.2543689320388349
Seattle Kraken,SEA,20222023,193,574,44,245,69,200,80,129,149,329,767,0.2516297262059974,220731,198694,0.526270489360434,0.88713,1965,2215,100,46,28,8,82,289,252,0.19753,2.96341,0.109756,0.4756,0.76695,2.87804,2518,2891,373,0.53447,0.2543689320388349
Seattle Kraken,SEA,20232024,155,430,34,180,60,145,61,105,121,250,585,0.26495726495726496,219711,224699,0.4943880650750433,0.90296,2159,2391,81,34,35,13,82,214,232,0.20661,2.95121,0.109756,0.5,0.78828,2.70731,2797,2766,-31,0.49719,0.2543689320388349
Seattle Kraken,SEA,20242025,163,480,46,199,54,172,63,109,117,281,643,0.2534992223950233,225064,246246,0.47752859052428337,0.88855,2081,2342,76,35,41,6,82,245,262,0.18942,2.76829,0.04878,0.4756,0.77202,2.35365,2973,2770,-203,0.48232,0.2543689320388349
San Jose Sharks,SJS,20182019,221,571,28,261,99,171,94,139,193,310,792,0.27904040404040403,251722,214132,0.5403452583856745,0.88936,2066,2323,101,46,27,9,82,289,258,0.23651,2.93902,0.109756,0.58536,0.80769,2.85365,2514,3020,506,0.54571,0.26590038314176245
San Jose Sharks,SJS,20192020,141,354,29,151,58,115,54,88,112,203,495,0.28484848484848485,184072,183064,0.50137278828554,0.89485,1915,2140,63,29,36,5,70,180,225,0.1746,2.7,0.085714,0.38571,0.85714,3.2,2252,2247,-5,0.4994,0.26590038314176245
San Jose Sharks,SJS,20202021,93,286,21,125,36,93,36,68,72,161,379,0.24538258575197888,140816,150773,0.4829263106632966,0.89056,1595,1791,49,21,28,7,56,146,196,0.14102,2.78571,0.071428,0.32142,0.80434,3.28571,1938,1807,-131,0.48259,0.26590038314176245
San Jose Sharks,SJS,20212022,151,421,34,177,59,143,58,101,117,244,572,0.263986013986014,207481,228086,0.47634692251708693,0.90045,2361,2622,77,32,37,13,82,211,261,0.18981,2.63414,0.134146,0.36585,0.85201,2.71951,2959,2607,-352,0.46853,0.26590038314176245
San Jose Sharks,SJS,20222023,191,445,36,197,77,142,78,106,155,248,636,0.300314465408805,217956,239422,0.4765336330125192,0.88068,2325,2640,60,22,44,16,82,233,315,0.18385,2.71951,0.158536,0.34146,0.82377,2.9756,2890,2706,-184,0.48355,0.26590038314176245
San Jose Sharks,SJS,20232024,114,365,29,151,41,128,44,86,85,214,479,0.23799582463465557,184010,247304,0.42662654122054927,0.88684,2555,2881,47,19,54,9,82,180,326,0.20192,2.53658,0.09756,0.41463,0.75396,3.07317,3271,2499,-772,0.43308,0.26590038314176245
San Jose Sharks,SJS,20242025,130,432,34,174,38,160,58,98,96,258,562,0.2313167259786477,212800,258456,0.4515592374420697,0.88142,2297,2606,52,20,50,12,82,208,310,0.18584,2.75609,0.09756,0.41463,0.74218,3.12195,3062,2563,-499,0.45564,0.26590038314176245
St. Louis Blues,STL,20182019,156,504,46,198,56,173,54,133,110,306,660,0.23636363636363636,218325,200315,0.5215101280336327,0.90618,2125,2345,99,45,28,9,82,244,220,0.21097,2.89024,0.085365,0.52439,0.81465,2.82926,2571,2785,214,0.51997,0.23709993468321358
St. Louis Blues,STL,20192020,143,455,45,178,46,165,52,112,98,277,598,0.2391304347826087,176217,171607,0.5066269147614886,0.91,1911,2100,94,42,19,10,71,223,190,0.24257,2.84507,0.084507,0.60563,0.7931,2.85915,2174,2247,73,0.5082,0.23709993468321358
St. Louis Blues,STL,20202021,111,348,23,144,35,124,53,80,88,204,459,0.24183006535947713,126811,140613,0.47419453751346174,0.9,1503,1670,63,27,20,9,56,167,167,0.23225,2.76785,0.017857,0.625,0.77777,3.05357,1813,1645,-168,0.47566,0.23709993468321358
St. Louis Blues,STL,20212022,185,671,45,264,52,245,88,162,140,407,856,0.21612149532710281,194105,212613,0.4772471343781195,0.90775,2352,2591,109,49,22,11,82,309,239,0.2697,2.93902,0.060975,0.7317,0.84091,2.68292,2963,2578,-385,0.46532,0.23709993468321358
St. Louis Blues,STL,20222023,165,535,36,224,60,185,69,126,129,311,700,0.2357142857142857,190073,220271,0.4632040434367263,0.888,2355,2652,81,37,38,7,82,260,298,0.19327,2.90243,0.170731,0.39024,0.7235,2.64634,2962,2549,-413,0.46252,0.23709993468321358
St. Louis Blues,STL,20232024,158,473,23,211,71,152,64,110,135,262,631,0.25039619651347067,202978,228042,0.4709247830727112,0.90629,2389,2636,92,43,33,6,82,234,248,0.18,3.04878,0.085365,0.46341,0.79069,2.62195,3059,2554,-505,0.45493,0.23709993468321358
St. Louis Blues,STL,20242025,171,518,46,204,60,182,65,132,125,314,689,0.24818577648766327,207794,215941,0.4903866803544668,0.89669,2005,2236,96,44,30,8,82,250,231,0.22051,2.37804,0.060975,0.46341,0.7421,2.31707,2699,2569,-130,0.48758,0.23709993468321358
Tampa Bay Lightning,TBL,20182019,207,655,43,276,72,227,92,152,164,379,862,0.24013921113689096,240912,234111,0.5071586007414378,0.91606,2412,2633,128,62,16,4,82,319,221,0.28244,3.19512,0.036585,0.86585,0.85018,3.25609,2728,2882,154,0.51372,0.2499509900019604
Tampa Bay Lightning,TBL,20192020,170,483,40,203,66,163,64,117,130,280,653,0.26033690658499237,194540,189386,0.5067122310028495,0.91039,1971,2165,92,43,21,6,70,243,194,0.23113,3.02857,0.1,0.6,0.81385,3.3,2174,2295,121,0.51357,0.2499509900019604
Tampa Bay Lightning,TBL,20202021,122,353,25,155,58,106,39,92,97,198,475,0.25684210526315787,136275,121216,0.5292417987424803,0.9084,1438,1583,75,36,17,3,56,180,145,0.22222,3.21428,0.053571,0.66071,0.84153,3.26785,1631,1796,165,0.52425,0.2499509900019604
Tampa Bay Lightning,TBL,20212022,198,573,41,244,77,193,80,136,157,329,771,0.25680933852140075,224426,216492,0.5089971377897932,0.90659,2213,2441,110,51,23,8,82,285,228,0.23938,3.15853,0.060975,0.69512,0.80555,3.07317,2622,2737,115,0.51072,0.2499509900019604
Tampa Bay Lightning,TBL,20222023,181,588,33,247,78,193,70,148,148,341,769,0.235370611183355,251013,237853,0.5134597210687591,0.9024,2330,2582,98,46,30,6,82,280,252,0.25357,3.41463,0.134146,0.7317,0.79693,3.18292,2700,2834,134,0.5121,0.2499509900019604
Tampa Bay Lightning,TBL,20232024,189,593,29,259,74,197,86,137,160,334,782,0.2416879795396419,229503,218198,0.512625613970038,0.89012,2163,2430,98,45,29,8,82,288,267,0.28629,3.02439,0.07317,0.79268,0.83333,2.85365,2656,2682,26,0.50243,0.2499509900019604
Tampa Bay Lightning,TBL,20242025,208,581,38,254,77,198,93,129,170,327,789,0.26362484157160965,231328,216026,0.5171027866074742,0.90696,2096,2311,102,47,27,8,82,292,216,0.25862,2.82926,0.158536,0.57317,0.81553,2.51219,2763,2788,25,0.50225,0.2499509900019604
Toronto Maple Leafs,TOR,20182019,186,579,45,241,57,208,84,130,141,338,765,0.2431372549019608,273962,263883,0.509369799849399,0.90872,2469,2717,100,46,28,8,82,286,249,0.218,2.57317,0.109756,0.45121,0.79902,2.4878,3178,3184,6,0.50047,0.22193419740777667
Toronto Maple Leafs,TOR,20192020,140,492,23,214,50,169,67,109,117,278,632,0.22151898734177217,212967,202128,0.5130560474108337,0.90103,2012,2233,81,36,25,9,70,237,222,0.23076,2.78571,0.1,0.54285,0.7772,2.75714,2434,2559,125,0.51268,0.22193419740777667
Toronto Maple Leafs,TOR,20202021,113,408,14,172,37,142,62,94,99,236,521,0.21689059500959693,149871,134206,0.5275717499128757,0.905,1410,1558,77,35,14,7,56,186,148,0.2,2.76785,0.125,0.42857,0.78472,2.57142,1762,1884,122,0.51661,0.22193419740777667
Toronto Maple Leafs,TOR,20212022,197,652,35,277,78,218,84,157,162,375,849,0.232037691401649,268710,222955,0.5465306662056482,0.89964,2259,2511,115,54,21,7,82,312,252,0.27272,2.81707,0.04878,0.71951,0.82051,2.85365,2710,3073,363,0.53132,0.22193419740777667
Toronto Maple Leafs,TOR,20222023,166,589,27,251,55,203,84,135,139,338,755,0.21986754966887417,244741,216274,0.5308742665639946,0.90909,2200,2420,111,50,21,11,82,278,220,0.26016,3,0.09756,0.68292,0.81854,3.02439,2637,2849,212,0.51932,0.22193419740777667
Toronto Maple Leafs,TOR,20232024,173,611,24,274,71,204,78,133,149,337,784,0.22066326530612249,273374,254810,0.5175734213834573,0.89329,2185,2446,102,46,26,10,82,298,261,0.23949,2.90243,0.109756,0.58536,0.7689,2.90243,2786,2944,158,0.51378,0.22193419740777667
Toronto Maple Leafs,TOR,20242025,138,571,21,246,51,194,66,131,117,325,709,0.19464033850493653,227691,246636,0.48002959983302657,0.90519,2177,2405,108,52,26,4,82,267,229,0.2477,2.65853,0.085365,0.57317,0.77872,2.86585,2877,2672,-205,0.48152,0.22193419740777667
Utah Hockey Club,UTA,20242025,163,505,36,204,73,157,54,144,127,301,668,0.2440119760479042,245012,224213,0.5221631413500986,0.89128,2025,2272,89,38,31,13,82,240,247,0.24152,2.87804,0.09756,0.59756,0.79282,3.06097,2591,2967,376,0.5338,0.2440119760479042
Vancouver Canucks,VAN,20182019,135,436,27,192,57,143,51,101,108,244,571,0.23642732049036777,210458,220793,0.4880174190900427,0.9045,2349,2597,81,35,36,11,82,219,248,0.17131,3.06097,0.09756,0.42682,0.81102,3.09756,2867,2648,-219,0.48014,0.2610589044235618
Vancouver Canucks,VAN,20192020,157,459,28,196,64,149,65,114,129,263,616,0.25487012987012986,190516,190010,0.5006648691548015,0.90683,2083,2297,78,36,27,6,69,224,214,0.24152,3.42028,0.057971,0.76811,0.80465,3.11594,2370,2294,-76,0.49167,0.2610589044235618
Vancouver Canucks,VAN,20202021,112,264,21,127,53,80,38,57,91,137,376,0.2978723404255319,136017,151374,0.4732820443228911,0.9,1683,1870,50,23,29,4,56,148,187,0.17419,2.76785,0.071428,0.41071,0.79781,3.26785,2006,1754,-252,0.46642,0.2610589044235618
Vancouver Canucks,VAN,20212022,168,483,28,218,73,150,67,115,140,265,651,0.25806451612903225,223540,223638,0.4998904239475108,0.91156,2381,2612,92,40,30,12,82,246,231,0.23481,3.01219,0.07317,0.63414,0.74891,2.81707,2795,2792,-3,0.4998,0.2610589044235618
Vancouver Canucks,VAN,20222023,177,571,22,248,77,183,78,140,155,323,748,0.23663101604278075,205887,218375,0.48528267909923584,0.88286,2231,2527,83,38,37,7,82,270,296,0.2271,3.32926,0.170731,0.58536,0.71605,2.96341,2774,2516,-258,0.47561,0.2610589044235618
Vancouver Canucks,VAN,20232024,208,553,37,242,77,187,94,124,171,311,761,0.2733245729303548,224426,204759,0.5229120309423675,0.9061,2123,2343,109,50,23,9,82,279,221,0.22656,3.12195,0.085365,0.62195,0.79133,3.09756,2543,2667,124,0.51182,0.2610589044235618
Vancouver Canucks,VAN,20242025,182,458,38,195,71,151,73,112,144,263,640,0.284375,212756,221284,0.49017602064325866,0.8858,1947,2198,90,38,30,14,82,233,251,0.22522,2.70731,0.085365,0.52439,0.82589,2.7317,2688,2535,-153,0.48535,0.2610589044235618
Vegas Golden Knights,VGK,20182019,162,477,38,208,66,157,58,112,124,269,639,0.2535211267605634,278900,231079,0.5468852639030235,0.90537,2172,2399,93,43,32,7,82,246,228,0.1681,2.82926,0.02439,0.45121,0.80869,2.80487,2594,3068,474,0.54185,0.2516873503156978
Vegas Golden Knights,VGK,20192020,133,445,34,190,41,162,58,93,99,255,578,0.2301038062283737,241575,194832,0.553554365534925,0.89961,1873,2082,86,39,24,8,71,224,209,0.21989,2.69014,0.042253,0.54929,0.76635,3.01408,2175,2652,477,0.54942,0.2516873503156978
Vegas Golden Knights,VGK,20202021,142,373,36,154,45,135,61,84,106,219,515,0.2757281553398058,161334,134424,0.5454932749071877,0.92075,1406,1527,82,40,14,2,56,190,122,0.17816,3.10714,0.035714,0.51785,0.86805,2.57142,1707,1983,276,0.53724,0.2516873503156978
Vegas Golden Knights,VGK,20212022,183,507,51,211,68,175,64,121,132,296,690,0.26521739130434785,254989,225961,0.5301777731572929,0.90073,2214,2458,94,43,31,8,82,262,244,0.18396,2.58536,0.085365,0.39024,0.77403,2.53658,2663,3100,437,0.53791,0.2516873503156978
Vegas Golden Knights,VGK,20222023,173,536,36,231,65,182,72,123,137,305,709,0.24400564174894215,229689,231023,0.4985522408793346,0.91156,2309,2533,111,51,22,9,82,267,225,0.20289,2.52439,0.04878,0.46341,0.77435,2.37804,2922,2811,-111,0.49031,0.2516873503156978
Vegas Golden Knights,VGK,20232024,177,541,27,236,71,184,79,121,150,305,718,0.24651810584958217,232081,237866,0.4938450506120903,0.90229,2244,2487,98,45,29,8,82,263,243,0.20238,3.07317,0.09756,0.52439,0.79342,2.59756,2870,2812,-58,0.49489,0.2516873503156978
Vegas Golden Knights,VGK,20242025,186,558,35,239,79,178,72,141,151,319,744,0.25,237155,222454,0.5159929418266396,0.90004,1927,2141,110,50,22,10,82,274,214,0.28342,2.28048,0.036585,0.60975,0.75739,2.06097,2828,3035,207,0.51765,0.2516873503156978
Winnipeg Jets,WPG,20182019,186,539,34,236,62,187,90,116,152,303,725,0.25655172413793104,225749,241374,0.48327528295545286,0.91134,2498,2741,99,47,30,5,82,270,243,0.248,3.04878,0.085365,0.67073,0.792,3.04878,2899,2760,-139,0.48771,0.24645273957651168
Winnipeg Jets,WPG,20192020,139,452,21,192,47,158,71,102,118,260,591,0.23519458544839256,191585,202342,0.4863464550538551,0.91317,2114,2315,80,37,28,6,71,213,201,0.20487,2.88732,0.042253,0.54929,0.77586,2.4507,2569,2356,-213,0.47802,0.24645273957651168
Winnipeg Jets,WPG,20202021,81,383,10,160,38,121,33,102,71,223,464,0.17456896551724138,135284,141445,0.4888681706651634,0.91126,1561,1713,63,30,23,3,56,170,152,0.22981,2.875,0.053571,0.60714,0.80537,2.66071,1864,1741,-123,0.48296,0.24645273957651168
Winnipeg Jets,WPG,20212022,163,509,24,226,67,169,72,114,139,283,672,0.2425595238095238,232244,236394,0.4955722754023361,0.90701,2468,2721,89,39,32,11,82,250,253,0.21052,3.01219,0.09756,0.53658,0.75,2.82926,2887,2832,-55,0.49505,0.24645273957651168
Winnipeg Jets,WPG,20222023,192,499,46,200,71,168,75,131,146,299,691,0.2778581765557164,227184,218064,0.5102414833980163,0.90993,2263,2487,95,46,33,3,82,246,224,0.19259,3.29268,0.07317,0.56097,0.82426,2.91463,2668,2814,146,0.51331,0.24645273957651168
Winnipeg Jets,WPG,20232024,189,510,30,229,65,177,94,104,159,281,699,0.2703862660944206,224285,212841,0.5130900472632605,0.91848,2231,2429,110,52,24,6,82,259,198,0.1875,2.92682,0.060975,0.4878,0.7713,2.71951,2765,2922,157,0.5138,0.24645273957651168
Winnipeg Jets,WPG,20242025,179,560,38,237,67,190,74,133,141,323,739,0.2422192151556157,225253,217646,0.508587736707466,0.91475,2039,2229,116,56,22,4,82,275,190,0.28899,2.65853,0.04878,0.71951,0.79397,2.42682,2807,2885,78,0.50685,0.24645273957651168
Washington Capitals,WSH,20182019,185,564,35,239,75,184,75,141,150,325,749,0.24699599465954605,234681,237297,0.4972286843878316,0.90441,2337,2584,104,48,26,8,82,274,248,0.20762,2.87804,0.060975,0.53658,0.78927,3.18292,2884,2768,-116,0.48973,0.2579873940447729
Washington Capitals,WSH,20192020,153,464,26,210,73,146,54,108,127,254,617,0.2479740680713128,203904,192399,0.5145154086645825,0.89827,1872,2084,90,41,20,8,69,236,212,0.19444,3.13043,0.130434,0.47826,0.82572,3.49275,2204,2321,117,0.51276,0.2579873940447729
Washington Capitals,WSH,20202021,139,362,28,160,59,116,52,86,111,202,501,0.2774451097804391,141644,136026,0.5101163251341521,0.90012,1451,1612,77,36,15,5,56,188,161,0.24836,2.73214,0.142857,0.53571,0.8395,2.89285,1795,1822,27,0.50383,0.2579873940447729
Washington Capitals,WSH,20212022,192,514,49,221,71,175,72,118,143,293,706,0.2719546742209632,225071,214069,0.5125267568429203,0.89865,2137,2378,100,44,26,12,82,270,242,0.1875,3.12195,0.109756,0.4756,0.80444,2.7439,2656,2807,151,0.51376,0.2579873940447729
Washington Capitals,WSH,20222023,183,494,42,211,71,159,70,124,141,283,677,0.27031019202363366,234048,236731,0.4971504676291848,0.89795,2288,2548,80,35,37,10,82,253,261,0.21224,2.9878,0.09756,0.53658,0.81858,2.75609,2861,2808,-53,0.49532,0.2579873940447729
Washington Capitals,WSH,20232024,135,451,20,196,50,153,65,102,115,255,586,0.2303754266211604,201172,223523,0.47368582158961137,0.89932,2251,2503,91,40,31,11,82,216,252,0.20614,2.78048,0.060975,0.51219,0.7897,2.84146,2923,2521,-402,0.46307,0.2579873940447729
Washington Capitals,WSH,20242025,200,565,38,248,86,180,76,137,162,317,765,0.26143790849673204,229803,222622,0.5079361220091728,0.89816,2002,2229,111,51,22,9,82,286,229,0.23529,2.69512,0.085365,0.54878,0.82008,2.91463,2670,2816,146,0.5133,0.2579873940447729
